{"stats":{"minecraft:picked_up":{"minecraft:hay_block":24},"minecraft:mined":{"minecraft:hay_block":24},"minecraft:custom":{"minecraft:jump":24,"minecraft:time_since_rest":6129,"minecraft:damage_dealt":6,"minecraft:damage_taken":500,"minecraft:sprint_one_cm":4682,"minecraft:play_time":7392,"minecraft:deaths":2,"minecraft:time_since_death":5966,"minecraft:walk_one_cm":10946,"minecraft:sneak_time":124,"minecraft:total_world_time":7392,"minecraft:fall_one_cm":5726,"minecraft:fly_one_cm":21510}},"DataVersion":3953}