{"stats":{"minecraft:picked_up":{"minecraft:crafting_table":2,"minecraft:jungle_log":27,"minecraft:coal":7,"minecraft:cobblestone":14},"minecraft:used":{"minecraft:wooden_axe":15,"minecraft:crafting_table":2,"minecraft:stone_pickaxe":16,"minecraft:wooden_pickaxe":5},"minecraft:custom":{"minecraft:time_since_rest":5490,"minecraft:crouch_one_cm":1422,"minecraft:play_time":5490,"minecraft:sprint_one_cm":8819,"minecraft:walk_one_cm":4747,"minecraft:sneak_time":710,"minecraft:jump":89,"minecraft:damage_dealt":10,"minecraft:time_since_death":5490,"minecraft:total_world_time":5490,"minecraft:fall_one_cm":1939,"minecraft:fly_one_cm":28577,"minecraft:interact_with_crafting_table":2},"minecraft:mined":{"minecraft:short_grass":1,"minecraft:coal_ore":7,"minecraft:jungle_log":28,"minecraft:stone":14,"minecraft:crafting_table":2,"minecraft:fern":1},"minecraft:crafted":{"minecraft:crafting_table":1,"minecraft:stick":8,"minecraft:stone_pickaxe":1,"minecraft:wooden_pickaxe":1,"minecraft:jungle_planks":60,"minecraft:wooden_axe":1}},"DataVersion":3953}