{"stats":{"minecraft:picked_up":{"minecraft:wheat_seeds":2},"minecraft:dropped":{"minecraft:wheat_seeds":2},"minecraft:mined":{"minecraft:short_grass":13},"minecraft:custom":{"minecraft:jump":173,"minecraft:time_since_rest":2422,"minecraft:damage_dealt":30,"minecraft:damage_taken":86,"minecraft:leave_game":4,"minecraft:play_time":13031,"minecraft:time_since_death":2371,"minecraft:sprint_one_cm":25854,"minecraft:walk_one_cm":5567,"minecraft:walk_on_water_one_cm":62,"minecraft:deaths":2,"minecraft:sneak_time":11,"minecraft:total_world_time":13031,"minecraft:fall_one_cm":7162,"minecraft:drop":2,"minecraft:fly_one_cm":47412}},"DataVersion":3953}