{"stats":{"minecraft:picked_up":{"minecraft:crafting_table":2,"minecraft:cactus":5,"minecraft:gravel":8,"minecraft:flint":1,"minecraft:oak_log":5,"minecraft:coal":4,"minecraft:cobblestone":21},"minecraft:used":{"minecraft:stone_axe":6,"minecraft:crafting_table":2,"minecraft:stone_pickaxe":24,"minecraft:wooden_pickaxe":9},"minecraft:custom":{"minecraft:time_since_rest":5356,"minecraft:crouch_one_cm":472,"minecraft:play_time":5356,"minecraft:sprint_one_cm":9893,"minecraft:damage_taken":10,"minecraft:walk_one_cm":5552,"minecraft:sneak_time":89,"minecraft:jump":106,"minecraft:time_since_death":5356,"minecraft:total_world_time":5356,"minecraft:interact_with_crafting_table":3,"minecraft:fall_one_cm":3727,"minecraft:fly_one_cm":31117},"minecraft:mined":{"minecraft:cactus":3,"minecraft:coal_ore":5,"minecraft:oak_log":5,"minecraft:flowering_azalea_leaves":1,"minecraft:gravel":9,"minecraft:azalea_leaves":1,"minecraft:stone":21,"minecraft:crafting_table":2},"minecraft:crafted":{"minecraft:oak_planks":20,"minecraft:stone_axe":1,"minecraft:crafting_table":1,"minecraft:stick":8,"minecraft:wooden_pickaxe":1,"minecraft:stone_pickaxe":1}},"DataVersion":3953}